Sitio,Categoria,Producto,Precio,Moneda
Tia,Electrodomesticos linea blanca,VENTILADOR 20'' SCOTLAND STAR SS-VE73,44.0,USD
Tia,Electrodomesticos linea blanca,VENTILADOR DE PEDESTAL 18'' 3 V SMC REF 8PB2,59.0,USD
Tia,Electrodomesticos linea blanca,AIRE ACONDICIONADO 12000 BTU LONGTIME ALTA EFICIENCIA,229.0,USD
Tia,Electrodomesticos linea blanca,AIRE ACONDICIONADO 12000 BTU LIBERA ALTA EFICIENCIA,339.0,USD
Tia,Electrodomesticos linea blanca,CALEFON A GAS PREMIUM 26 L VAPER REF P-197,359.0,USD
Tia,Electrodomesticos linea blanca,VENTILADOR 18'' CONTROL REMOTO AMERICAN STAR ROJO,49.0,USD
Tia,Electrodomesticos linea blanca,ENFRIADOR DE AIRE 3 L CON CONTROL REMOTO AMERICAN STAR,89.0,USD
Tia,Electrodomesticos linea blanca,VENTILADOR DE TUMBADO 56'' 5 V AMERICAN STAR BLANCO,34.9,USD
Tia,Electrodomesticos linea blanca,VENTILADOR DE TUMBADO 52'' AMERICAN STAR GRIS,99.0,USD
Tia,Electrodomesticos linea blanca,CALEFON A GAS STANDAR 26 L VAPER,179.0,USD
Tia,Electrodomesticos linea blanca,AIRE ACONDICIONADO 12000 BTU INVERTER INDURAMA REF 3595,339.0,USD
Tia,Electrodomesticos linea blanca,VENTILADOR DE PEDESTAL 16'' 3 V BLAUPUNKT REF 12BK,24.9,USD
Tia,Electrodomesticos linea blanca,VENTILADOR DE PEDESTAL 20'' 3 V BLAUPUNKT REF 9910,59.0,USD
Tia,Electrodomesticos linea blanca,VENTILADOR 18'' 3EN1 BLAUPUNKT NEGRO REF 9920,49.0,USD
Tia,Electrodomesticos linea blanca,VENTILADOR DE TUMBADO 12'' RECARGABLE CON CONTROL MARRIOTT REF 6107,29.0,USD
Tia,Electrodomesticos linea blanca,VENTILADOR 16'' RECARGABLE 5EN1 MARRIOTT REF 6105,49.0,USD
Tia,Electrodomesticos linea blanca,VENTILADOR DE TUMBADO 52'' CON CONTROL MARRIOTT NEGRO,169.0,USD
Tia,Electrodomesticos linea blanca,VENTILADOR DE TUMBADO 52'' CON CONTROL MARRIOTT MARSHALL REF 0719,169.0,USD
Tia,Electrodomesticos linea blanca,VENTILADOR ENROSCABLE E27 CON LUZ LED MARRIOTT REF 2825,24.9,USD
Tia,Electrodomesticos linea blanca,VENTILADOR DE TUMBADO 52'' CON CONTROL MARRIOTT AURA REF 2817,189.0,USD
Tia,Electrodomesticos linea blanca,VENTILADOR DE TUMBADO 52'' CON CONTROL MARRIOTT DANTE,139.0,USD
Tia,Electrodomesticos linea blanca,VENTILADOR RECARGABLE 5 VELOCIDADES SHARK REF UH205,139.0,USD
Tia,Electrodomesticos linea blanca,WAFLERA GIRATORIA ANTIADHERENTE HOMETECH,15.99,USD
Tia,Electrodomesticos linea blanca,PROCESADOR DE ALIMENTOS PARA BEBES 450 ML RECARGABLE GENIAL,15.99,USD
Tia,Electrodomesticos linea blanca,MICROONDAS 20 L DIGITAL HOMETECH BLANCO REF PV3,89.0,USD
Tia,Electrodomesticos linea blanca,SANDUCHERA PARA 2 PANES 750 W HOMETECH,24.9,USD
Tia,Electrodomesticos linea blanca,PURIFICADOR DE AGUA 5 ETAPAS CON PLACA Y LLAVE PURITY PRO ECO,209.0,USD
Tia,Electrodomesticos linea blanca,ASPIRADORA 3EN1 AI-3N INDURAMA REF 6376,109.0,USD
Tia,Electrodomesticos linea blanca,LICUADORA CLASICA 1.25 L 3 V VASO VIDRIO ECHEF PRO CROMADA,49.0,USD
Tia,Electrodomesticos linea blanca,TETERA ELECTRICA 1.7 L ECHEF PRO REF 1018,29.0,USD
Tia,Electrodomesticos linea blanca,COCINETA A GAS 4 HORNILLAS ECOLINE FIORENTINA SURTIDO REF 9001,49.9,USD
Tia,Electrodomesticos linea blanca,PATILLERA INALAMBRICA WAHL DETAILER DORADO,229.0,USD
Tia,Electrodomesticos linea blanca,MICROONDAS 31 L ELECTROLUX CROMADO REF 0MXM,169.0,USD
Tia,Electrodomesticos linea blanca,MICROONDAS 25 L ELECTROLUX CROMADA REF 0MXM,139.0,USD
Tia,Electrodomesticos linea blanca,HERVIDOR ELECTRICO EFFICIENT 1100W ELECTROLUX NEGRO,29.0,USD
Tia,Electrodomesticos linea blanca,CAFETERA EFFICIENT 1.2 L 800W ELECTROLUX NEGRO,29.0,USD
Tia,Electrodomesticos linea blanca,CAFETERA 30 TZS 800W ELECTROLUX EXPERIENCE NEGRO,49.0,USD
Tia,Electrodomesticos linea blanca,CAFETERA 38 TZS 900W ELECTROLUX EXPERIENCE GRIS,44.9,USD
Tia,Electrodomesticos linea blanca,LICUADORA 5 V MAS PULSO VASO VIDRIO ELECTROLUX PLATEADO,49.0,USD
Tia,Electrodomesticos linea blanca,PLANCHA A VAPOR EXPERT 1650 W ELECTROLUX AZUL,169.0,USD
Tia,Electrodomesticos linea blanca,MICROONDAS FREESTANDING 25 L ELECTROLUX GRIS,129.0,USD
Tia,Electrodomesticos linea blanca,MICROONDAS FREESTANDING GRILL 30 L ELECTROLUX GRIS,149.01,USD
Tia,Electrodomesticos linea blanca,TOSTADOR EFFICIENT 800 W ELECTROLUX NEGRO REF ETS10,29.9,USD
Tia,Electrodomesticos linea blanca,ENCIMERA A GAS 5 QUEMADORES ECOLINE,229.0,USD
Tia,Electrodomesticos linea blanca,CANGUILERA 1.5 TZS IMACO,49.0,USD
Tia,Electrodomesticos linea blanca,FREIDORA DE AIRE 3.5 L ECHEF PRO NEGRO,49.0,USD
Tia,Electrodomesticos linea blanca,LICUADORA 1.5 L 4 V VASO VIDRIO SCOTLAND STAR SS-LC76,29.0,USD
Tia,Electrodomesticos linea blanca,TOSTADOR PARA 2 PANES SCOTLAND STAR SS-TS40,29.0,USD
Tia,Electrodomesticos linea blanca,BATIDORA DE INMERSION 3EN1 BLACK & DECKER,59.0,USD
Tia,Electrodomesticos linea blanca,COCINETA A GAS CON TAPA 4 HORNILLAS ECOLINE FIORENTINA CROMADA,69.0,USD
Tia,Electrodomesticos linea blanca,SANDUCHERA P/2 PANES BLACK & DECKER PANINI XPRESS,49.0,USD
Tia,Electrodomesticos linea blanca,SANDUCHERA P/2 PANES BLACK & DECKER,29.9,USD
Tia,Electrodomesticos linea blanca,ARMARIO 6 PUERTAS 2 CAJONES CON ESPEJO EL BOSQUE FLASH II ALMENDRA,175.0,USD
Tia,Electrodomesticos linea blanca,ARMARIO 6 PUERTAS CON ESPEJO EL BOSQUE FLASH II BLANCO,175.0,USD
Tia,Electrodomesticos linea blanca,MUEBLE PARA COCINA 6 PUERTAS 2 CAJONES EL BOSQUE MONTESA BLANCO Y CAFE,259.0,USD
Tia,Electrodomesticos linea blanca,COMODA MEBEL ALBA CAFE CLARO REF 5085A,279.0,USD
Tia,Electrodomesticos linea blanca,ARMARIO 3 PUERTAS 2 CAJONES CON ESPEJO MEBEL MOSCOU CAFE Y BLANCO,259.0,USD
Tia,Electrodomesticos linea blanca,SILLA COLGANTE RATAN ONE GRIS,249.0,USD
Tia,Electrodomesticos linea blanca,SILLA COLGANTE RATTAN ONE BEIGE,249.0,USD
Tia,Electrodomesticos linea blanca,ARMARIO 4 PUERTAS MEBEL NOCE GAMUZA CAFE CLARO,369.0,USD
Tia,Electrodomesticos linea blanca,MUEBLE PARA COCINA 7 PUERTAS 1 CAJON TECNOMOBILI BLANCO REF 8362,349.0,USD
Tia,Electrodomesticos linea blanca,MESA PARA TV 55'' MEBEL CORUMBA GRIS,289.0,USD
Tia,Electrodomesticos linea blanca,CENTRO DE ENTRETENIMIENTO PARA TV 55'' MUEBLEFACIL REF W180,269.0,USD
Tia,Electrodomesticos linea blanca,COMBO ARMARIO 2 PUERTAS MAS VELADOR MUEBLEFACIL AMARANTO,189.0,USD
Tia,Electrodomesticos linea blanca,REFRIGERADORA NO FROST 262 L INDURAMA RI-370 CROMADA,369.0,USD
Tia,Electrodomesticos linea blanca,COCINA A GAS 4 QUEMADORES INDURAMA CANELA,179.0,USD
Tia,Electrodomesticos linea blanca,MINIBAR 121 L CHALLENGER TITANIO NEGRO,329.0,USD
Tia,Electrodomesticos linea blanca,MAQUINA PROFESIONAL PARA CORTAR CABELLO Y BARBA WAHL LEGEND,199.0,USD
Tia,Electrodomesticos linea blanca,ENCIMERA A GAS 5 QUEMADORES ECOLINE,229.0,USD
Tia,Electrodomesticos linea blanca,COCINETA A GAS CON TAPA 4 HORNILLAS ECOLINE FIORENTINA CROMADA,69.0,USD
Tia,Electrodomesticos linea blanca,LAVADORA SEMIAUTOMATICA CARGA SUPERIOR 13 KG MABE BLANCO,279.0,USD
Tia,Electrodomesticos linea blanca,LAVADORA SEMIAUTOMATICA CARGA SUPERIOR 16 KG MABE BLANCO,249.0,USD
Tia,Electrodomesticos linea blanca,COCINA A GAS 4 QUEMADORES INDURAMA CORUNA CROMADA,269.0,USD
Tia,Electrodomesticos linea blanca,COCINA A GAS 4 QUEMADORES INDURAMA ZAFIRO GRANADA,349.0,USD
Tia,Electrodomesticos linea blanca,ENCIMERA A GAS 4 QUEMADORES INDURAMA REF 60CMF,209.0,USD
Tia,Electrodomesticos linea blanca,COCINETA ELECTRICA 1 HORNILLA 1000W BLANCO,59.0,USD
Tia,Electrodomesticos linea blanca,ENCIMERA VIDRIO TEMPLADO A GAS 4 QUEMADORES EVVO NEGRO,109.0,USD
Tia,Electrodomesticos linea blanca,COMBO COCINA 4 QUEMADORES ECOLINE NOELIA MAS CILINDRO DE GAS 15 KG,169.0,USD
Casa del Libro,Libros mas vendidos,Las gratitudes,18.9,EUR
Casa del Libro,Libros mas vendidos,Comerás flores,18.95,EUR
Casa del Libro,Libros mas vendidos,El último secreto,23.65,EUR
Casa del Libro,Libros mas vendidos,Odisea,28.4,EUR
Casa del Libro,Libros mas vendidos,Han cantado bingo,17.95,EUR
Casa del Libro,Libros mas vendidos,Una familia moderna,21.75,EUR
Casa del Libro,Libros mas vendidos,El baile de las criadas,22.7,EUR
Casa del Libro,Libros mas vendidos,Odisea liberada (edición portátil),18.9,EUR
Casa del Libro,Libros mas vendidos,Dorayaki,18.52,EUR
Casa del Libro,Libros mas vendidos,Yesteryear,20.85,EUR
Casa del Libro,Libros mas vendidos,La Biblioteca de la Medianoche (bolsillo),11.87,EUR
Casa del Libro,Libros mas vendidos,El buen padre (edición limitada · Verano) (Indira Ramos 1),8.5,EUR
Casa del Libro,Libros mas vendidos,El extranjero,12.3,EUR
Casa del Libro,Libros mas vendidos,Las otras niñas (edición limitada · Verano) (Indira Ramos 2),8.5,EUR
Casa del Libro,Libros mas vendidos,Indira (edición limitada · Verano) (Indira Ramos 3),8.5,EUR
Casa del Libro,Libros mas vendidos,Distracción (Serie Mindf*ck #2),9.45,EUR
Casa del Libro,Libros mas vendidos,Rojo sangre (Serie Mindf*ck #5),9.45,EUR
Casa del Libro,Libros mas vendidos,Mentiras (Serie Mindf*ck 4),9.45,EUR
Casa del Libro,Libros mas vendidos,La paciente silenciosa,11.35,EUR
Casa del Libro,Libros mas vendidos,Ángel escarlata (Serie Mindf*ck #3),9.45,EUR
Casa del Libro,Libros mas vendidos,Murdoku,17.0,EUR
Casa del Libro,Libros mas vendidos,Murdoku: Viaje al pasado,17.0,EUR
Casa del Libro,Libros mas vendidos,El crimen del verano 1,17.95,EUR
Casa del Libro,Libros mas vendidos,El hombre en busca de sentido,12.25,EUR
Casa del Libro,Libros mas vendidos,Murdle: Resuelve el crimen,10.4,EUR
Casa del Libro,Libros mas vendidos,Dormir cuando no puedes dormir,20.8,EUR
Casa del Libro,Libros mas vendidos,El puente donde habitan las mariposas,20.85,EUR
Casa del Libro,Libros mas vendidos,Hábitos atómicos,20.8,EUR
Casa del Libro,Libros mas vendidos,La psicología del dinero. Cómo piensan los ricos,10.4,EUR
Casa del Libro,Libros mas vendidos,Mujeres de hierro,20.8,EUR
Casa del Libro,Libros mas vendidos,Frieren 15 (edición especial),18.95,EUR
Casa del Libro,Libros mas vendidos,Heartstopper 6. Entrelazados,16.1,EUR
Casa del Libro,Libros mas vendidos,Atelier of Witch Hat (Edición grimorio) 1,22.8,EUR
Casa del Libro,Libros mas vendidos,Persépolis,23.65,EUR
Casa del Libro,Libros mas vendidos,Jujutsu Kaisen 26,8.55,EUR
Casa del Libro,Libros mas vendidos,Atelier of Witch Hat 3 (edición grimorio),22.8,EUR
Casa del Libro,Libros mas vendidos,Rosas y champán 6,16.1,EUR
Casa del Libro,Libros mas vendidos,Los diarios de la boticaria (la novela original) 1-2 (pack de lanzamiento),34.1,EUR
Casa del Libro,Libros mas vendidos,Spy x Family 17,8.55,EUR
Casa del Libro,Libros mas vendidos,El día de la Trilla (Empíreo) Edición limitada con cantos tintados,21.75,EUR
Casa del Libro,Libros mas vendidos,Una corte de rosas y espinas 6,18.95,EUR
Casa del Libro,Libros mas vendidos,Zodiac Academy 1. El despertar. Edición especial,23.7,EUR
Casa del Libro,Libros mas vendidos,El espejo de los finales infinitos,13.3,EUR
Casa del Libro,Libros mas vendidos,Prohibido enamorarse (Off Campus 1 / #Kiss Me 1),10.4,EUR
Casa del Libro,Libros mas vendidos,Inmune a ti (Off Campus 3 / #Kiss Me 3),10.4,EUR
Casa del Libro,Libros mas vendidos,Binding 13 (Los chicos de Tommen 1),18.95,EUR
Casa del Libro,Libros mas vendidos,Fuego y metal 2. Light Wielder,23.7,EUR
Casa del Libro,Libros mas vendidos,Releasing 10 (Los chicos de Tommen 6),20.85,EUR
Casa del Libro,Libros mas vendidos,¿A qué sabe la luna?,15.67,EUR
Casa del Libro,Libros mas vendidos,Tengo un volcán,13.3,EUR
Casa del Libro,Libros mas vendidos,A Lulú le gusta el colegio,13.77,EUR
Casa del Libro,Libros mas vendidos,Los cazamisterios 1 - El caso de las mascotas desaparecidas,10.4,EUR
Casa del Libro,Libros mas vendidos,El hilo invisible (libro de cartón),14.2,EUR
Casa del Libro,Libros mas vendidos,El asesinato de la profesora de lengua,11.87,EUR
Casa del Libro,Libros mas vendidos,Mitos griegos (ed. ampliada 2023),12.54,EUR
Casa del Libro,Libros mas vendidos,LA HISTORIA INTERMINABLE,16.1,EUR
Casa del Libro,Libros mas vendidos,Murdle Junior. Casos curiosos para mentes curiosas (Murdle Junior 1),10.4,EUR
Casa del Libro,Libros mas vendidos,El Ruso 4. El Ruso y la Escuela de Magia,18.0,EUR
El Bosque,Comedores,Mueble De Cocina Style | Bi Color Freijo /Supremo,120.87,USD
El Bosque,Comedores,Cristalera Sena | Bi Color Off White /Freijo,333.91,USD
El Bosque,Comedores,Cristalera Allure | Bi Color Jequitiba/Gris,294.78,USD
El Bosque,Comedores,Mueble De Cocina Austin | Bi Color Jequitiba/Gris,233.91,USD
El Bosque,Comedores,Mesa de Comedor Laini C/Vidrio | Bi Color Almendra /Off White,260.0,USD
El Bosque,Comedores,Cristalera Evora | Bi Color Off White / Champagne,520.87,USD
El Bosque,Comedores,Aparador Salluti| Bi Color Off White / Champagne,251.31,USD
El Bosque,Comedores,Aparador Benvenuto | Bi Color Off White / Champagne,146.96,USD
El Bosque,Comedores,Mesa de Comedor Yara  Tampo Curvo | Freijo,203.48,USD
El Bosque,Comedores,Mesa de Comedor Rectangular Yasmin | Cinamomo,242.61,USD
El Bosque,Comedores,Mueble De Cocina Flora | Bi Color Freijo/ Caramelo,173.04,USD
El Bosque,Comedores,Mueble De Cocina Liv | Bi Color Freijo / Soft,120.87,USD
El Bosque,Comedores,Aparador Yasmin | Bi Color Cinamomo/ Off White,173.04,USD
El Bosque,Comedores,Mesa de Comedor Ryze Tampo Curvo | Freijo,216.52,USD
El Bosque,Comedores,Mesa de Comedor Italia 900 Curvo  |Bi Color Freijo /Off White,207.83,USD
El Bosque,Comedores,Cristalera Liara | Bi Color Off White /Dorado,333.91,USD
El Bosque,Comedores,Cristalera Olivia  | Bi Color Off White /Freijo,329.56,USD
El Bosque,Comedores,Aparador Liara |  Bi Color Off White / Dorado,225.22,USD
El Bosque,Comedores,Cristalera Capri | Bi Color Off White /Freijo,181.74,USD
El Bosque,Comedores,Silla Comedor Liz| Bi Color Off White /Terracota,112.17,USD
El Bosque,Comedores,Mesa de Comedor Redonda Serena | Bi Color Roble Claro / Blanco Antiguo,260.0,USD
El Bosque,Comedores,Cristalera Flip |Off White,312.17,USD
El Bosque,Comedores,Juego de Comedor Lido | Marmoleado Blanco,260.0,USD
El Bosque,Comedores,Mesa de Comedor Rectangular Aurea |Bi Color Roble Claro/ Blanco Antiguo,233.91,USD
El Bosque,Comedores,Mesa de Comedor Rectangular ilse | Crema,373.04,USD
El Bosque,Comedores,Mesa de Comedor Cuadrada Melissa |Bi Color Freijo/ Off White,277.39,USD
El Bosque,Comedores,Cristalera Mondrian | Bi Color Off White /Freijo,168.7,USD
El Bosque,Comedores,Mesa de Comedor Rectangular Ryze  | Bi Color Freijo /Off White,307.83,USD
El Bosque,Comedores,Mesa de Comedor Ovalada Liz  | Bi Color Off White/ Dorado,373.04,USD
El Bosque,Comedores,Silla Comedor Liz| Bi Color Gris Claro/Crema,112.17,USD
El Bosque,Comedores,Mesa de Comedor Olivia | Vidrio / Negro,146.96,USD
El Bosque,Comedores,Mesa de Comedor Serena | Roble Claro / Blanco Antiguo,233.91,USD
El Bosque,Comedores,Mesa de Comedor Ovalada Ania | Café,377.39,USD
El Bosque,Comedores,Mesa De Comedor Celeste | Bi Color Freijo /Marmol,194.78,USD
El Bosque,Comedores,Mesa Extensible Zenith | Negro,581.74,USD
El Bosque,Comedores,Mesa de Comedor Rectangular Zafira | Bi Color Cedro / Off White,360.0,USD
El Bosque,Comedores,Juego de Comedor Martell | Bi Color Marmoleado /Gris,390.43,USD
El Bosque,Comedores,Aparador Vitoria | Bi Color Freijo/Off White,164.35,USD
El Bosque,Comedores,Cristalera Jurere | Bi Color Off White Mate  /Freijo,164.35,USD
El Bosque,Comedores,Cristalera Guanabara | Bi Color Off White /Freijo,260.0,USD
El Bosque,Comedores,Aparador Jurere | Bi Color Off White/Freijo,112.17,USD
El Bosque,Comedores,Aparador Brise | Bi Color Freijo/ Blanco Antiguo,173.04,USD
El Bosque,Comedores,Mueble De Cocina Slow| Bi Color Freijo/ Vainilla,194.78,USD
El Bosque,Comedores,Mueble De Cocina Slow| Bi Color Freijo/Artico,194.78,USD
El Bosque,Comedores,Mueble De Cocina Ferrara | Bi Color Freijo/Cristal,207.83,USD
El Bosque,Comedores,Mueble De Cocina Golden | Bi Color Freijo/Supremo,120.87,USD
El Bosque,Comedores,Mesa Extensible Gabriela Extensible | Blanco Maderado,242.61,USD
El Bosque,Comedores,Mesa de Comedor Rectangular Nora| Bi Color  Vidrio/Dorado,420.87,USD
El Bosque,Comedores,Cristalera Nice | Bi Color Freijo/Off White,199.13,USD
El Bosque,Comedores,Silla Comedor Nora |Gris Claro,116.52,USD
El Bosque,Comedores,Silla Comedor Nora |Arena,116.52,USD
El Bosque,Comedores,Silla Comedor Tipo Butaca Nora |Bi Color Gris /Dorado,133.91,USD
El Bosque,Comedores,Mueble De Cocina Ferrara | Bi Color Freijo / Supremo,207.83,USD
El Bosque,Comedores,Silla Comedor Liz| Bi Color Beige/Crema,112.17,USD
El Bosque,Comedores,Mueble De Cocina Montesa | Bi Color Freijo/Blanco,173.04,USD
El Bosque,Comedores,Mueble De Cocina Modena | Bi Color Nogueira / Blanco Antiguo,155.65,USD
El Bosque,Comedores,Mesa de Comedor Redonda Viena |Bi Color Freijo /Blanco Antiguo,264.35,USD
El Bosque,Comedores,Mesa de Comedor Cuadrada Italia |Bi Color Freijo /Blanco Antiguo,246.96,USD
El Bosque,Comedores,Aparador Brise | Blanco Antiguo,173.04,USD
